CREATE SCHEMA som_01;

CREATE TABLE som_01.`FULL_PERSON` ( 
	`IAMID`              varchar(100)  NOT NULL    PRIMARY KEY,
	`ID`                 varchar(36)  NOT NULL    ,
	`FIRST_NAME`         varchar(240)      ,
	`MI`                 varchar(240)      ,
	`LAST_NAME`          varchar(240)  NOT NULL    ,
	`ACTIVITY_DATE`      datetime  NOT NULL    ,
	`EXTERNAL_USER`      varchar(120)      ,
	`UDC_ID`             varchar(100)      ,
	`BIRTH_DATE`         datetime      ,
	`EMAL_CODE`          varchar(16)      ,
	`EMAIL_ADDRESS`      varchar(512)      ,
	`PREFERRED_IND`      varchar(4)      
 );

CREATE TABLE som_01.`PERSON` ( 
	`IAMID`              varchar(100)  NOT NULL    PRIMARY KEY,
	`ID`                 varchar(36)  NOT NULL    ,
	`FIRST_NAME`         varchar(240)      ,
	`MI`                 varchar(240)      ,
	`LAST_NAME`          varchar(240)  NOT NULL    ,
	`ACTIVITY_DATE`      datetime  NOT NULL    ,
	CONSTRAINT `ID` UNIQUE ( `ID` ) 
 );

CREATE TABLE som_01.`PERSON2` ( 
	`IAMID`              varchar(100)  NOT NULL    ,
	`PREF_FIRST_NAME`    varchar(240)      ,
	`DEAD_IND`           varchar(4)      ,
	`BIRTH_DATE`         datetime      ,
	`NAME_SUFFIX`        varchar(80)      ,
	`ACTIVITY_DATE`      datetime  NOT NULL    ,
	CONSTRAINT `IAMID` UNIQUE ( `IAMID` ) ,
	CONSTRAINT person2_ibfk_1 FOREIGN KEY ( `IAMID` ) REFERENCES som_01.`PERSON`( `IAMID` ) ON DELETE RESTRICT ON UPDATE RESTRICT
 );

CREATE TABLE som_01.`UDCID` ( 
	`IAMID`              varchar(100)  NOT NULL    ,
	`UDC_ID`             varchar(100)  NOT NULL    ,
	`ACTIVITY_DATE`      datetime  NOT NULL    ,
	CONSTRAINT udcid_ibfk_1 FOREIGN KEY ( `IAMID` ) REFERENCES som_01.`PERSON`( `IAMID` ) ON DELETE RESTRICT ON UPDATE RESTRICT
 );

CREATE INDEX `IAMID` ON som_01.`UDCID` ( `IAMID` );

CREATE TABLE som_01.`BANNERUSERNAME` ( 
	`IAMID`              varchar(100)  NOT NULL    ,
	`EXTERNAL_USER`      varchar(120)      ,
	`ACTIVITY_DATE`      datetime  NOT NULL    ,
	CONSTRAINT bannerusername_ibfk_1 FOREIGN KEY ( `IAMID` ) REFERENCES som_01.`PERSON`( `IAMID` ) ON DELETE RESTRICT ON UPDATE RESTRICT
 );

CREATE INDEX `IAMID` ON som_01.`BANNERUSERNAME` ( `IAMID` );

CREATE TABLE som_01.`EMAIL` ( 
	`IAMID`              varchar(100)  NOT NULL    ,
	`EMAL_CODE`          varchar(16)  NOT NULL    ,
	`EMAIL_ADDRESS`      varchar(512)  NOT NULL    ,
	`STATUS_IND`         varchar(4)  NOT NULL    ,
	`PREFERRED_IND`      varchar(4)  NOT NULL    ,
	`ACTIVITY_DATE`      datetime  NOT NULL    ,
	CONSTRAINT email_ibfk_1 FOREIGN KEY ( `IAMID` ) REFERENCES som_01.`PERSON`( `IAMID` ) ON DELETE RESTRICT ON UPDATE RESTRICT
 );

CREATE INDEX `IAMID` ON som_01.`EMAIL` ( `IAMID` );

CREATE TABLE som_01.`IDMAP` ( 
	`IAMID`              varchar(100)  NOT NULL    ,
	`PIDM`               varchar(64)      ,
	`CWID`               varchar(36)      ,
	`UDCID`              varchar(64)      ,
	`USERNAME`           varchar(100)      ,
	`UNIXUID`            varchar(60)      ,
	CONSTRAINT `CWID` UNIQUE ( `CWID` ) ,
	CONSTRAINT `IAMID` UNIQUE ( `IAMID` ) ,
	CONSTRAINT `PIDM` UNIQUE ( `PIDM` ) ,
	CONSTRAINT `UDCID` UNIQUE ( `UDCID` ) ,
	CONSTRAINT `UNIXUID` UNIQUE ( `UNIXUID` ) ,
	CONSTRAINT `USERNAME` UNIQUE ( `USERNAME` ) ,
	CONSTRAINT idmap_ibfk_1 FOREIGN KEY ( `IAMID` ) REFERENCES som_01.`PERSON`( `IAMID` ) ON DELETE RESTRICT ON UPDATE RESTRICT
 );

INSERT INTO som_01.`FULL_PERSON`( IAMID, ID, FIRST_NAME, MI, LAST_NAME, ACTIVITY_DATE, EXTERNAL_USER, UDC_ID, BIRTH_DATE, EMAL_CODE, EMAIL_ADDRESS, PREFERRED_IND ) VALUES ( '391f2c5e-363a-4a27-9d31-eae49b7d2183', '10928610', 'Robert', 'A', 'Martinez', '2015-09-28 08:25:25', null, 'e6bb6c30f95815561a361ea7afd1cd461000df11', '1967-10-14 00:00:00', null, null, null ); 
INSERT INTO som_01.`FULL_PERSON`( IAMID, ID, FIRST_NAME, MI, LAST_NAME, ACTIVITY_DATE, EXTERNAL_USER, UDC_ID, BIRTH_DATE, EMAL_CODE, EMAIL_ADDRESS, PREFERRED_IND ) VALUES ( '3eb8a911-a597-4472-9d4b-2d526a7f9a01', '10893187', 'Ann', 'A', 'Morrison', '2012-06-27 06:49:07', 'amorrison', '836ef710caf4f9417557cfdf6273990e69b35781', '1994-08-03 00:00:00', 'UNIV', 'amorrison@example.edu', 'Y' ); 
INSERT INTO som_01.`FULL_PERSON`( IAMID, ID, FIRST_NAME, MI, LAST_NAME, ACTIVITY_DATE, EXTERNAL_USER, UDC_ID, BIRTH_DATE, EMAL_CODE, EMAIL_ADDRESS, PREFERRED_IND ) VALUES ( '4309b2d0-12d1-4ca6-83d1-be3dd6842c5c', '10854164', 'James', 'R', 'Brown', '2013-06-19 10:16:35', 'jbrown', 'e964b15bf155833201e29c96fac57352f1b7437c', '1979-09-18 00:00:00', 'UNIV', 'jbrown@example.edu', 'Y' ); 
INSERT INTO som_01.`FULL_PERSON`( IAMID, ID, FIRST_NAME, MI, LAST_NAME, ACTIVITY_DATE, EXTERNAL_USER, UDC_ID, BIRTH_DATE, EMAL_CODE, EMAIL_ADDRESS, PREFERRED_IND ) VALUES ( '431fa396-df5c-428f-a199-327bd25f91c9', '10936300', 'Kiersten', null, 'Morrison', '2017-11-16 11:41:08', null, '9fc11dbb8b0eebecee8f982756fed320560446fc', '1998-09-27 00:00:00', 'PER1', 'kmorrison@gmail.com', 'Y' ); 
INSERT INTO som_01.`FULL_PERSON`( IAMID, ID, FIRST_NAME, MI, LAST_NAME, ACTIVITY_DATE, EXTERNAL_USER, UDC_ID, BIRTH_DATE, EMAL_CODE, EMAIL_ADDRESS, PREFERRED_IND ) VALUES ( '4580fe36-8a54-494a-bf60-f4811d7b6a5a', '10910094', 'Donna', 'X', 'Anderson', '2016-09-02 13:32:28', 'danderson', '58b91e48e6026e82d29234fd641f73bb4dfe48fd', '1957-09-14 00:00:00', 'UNIV', 'danderson@example.edu', 'Y' ); 
INSERT INTO som_01.`FULL_PERSON`( IAMID, ID, FIRST_NAME, MI, LAST_NAME, ACTIVITY_DATE, EXTERNAL_USER, UDC_ID, BIRTH_DATE, EMAL_CODE, EMAIL_ADDRESS, PREFERRED_IND ) VALUES ( '4845e1f4-1b11-4521-aeae-b9f19226eba1', '10196197', 'David', 'T', 'Lopez', '2018-08-20 11:41:01', null, 'dee0c683fbb35095c2a2a823ea6329dd1d987791', '2001-01-04 00:00:00', 'PER1', 'dlopez@gmail.com', 'Y' ); 
INSERT INTO som_01.`FULL_PERSON`( IAMID, ID, FIRST_NAME, MI, LAST_NAME, ACTIVITY_DATE, EXTERNAL_USER, UDC_ID, BIRTH_DATE, EMAL_CODE, EMAIL_ADDRESS, PREFERRED_IND ) VALUES ( '4bbcbb7a-42c8-4787-972a-609be9607ca3', '10105190', 'David', 'B', 'Grady', '2018-07-13 11:33:29', 'dgrady', 'a5d443b4740f766ad690a4590faa1f0f64bdc867', '1973-11-17 00:00:00', 'UNIV', 'dgrady@example.edu', 'Y' ); 
INSERT INTO som_01.`FULL_PERSON`( IAMID, ID, FIRST_NAME, MI, LAST_NAME, ACTIVITY_DATE, EXTERNAL_USER, UDC_ID, BIRTH_DATE, EMAL_CODE, EMAIL_ADDRESS, PREFERRED_IND ) VALUES ( '4eed3506-22de-4f0e-843e-1d8f707eb4f2', '10078233', 'Bill', 'W', 'Gasper', '2018-08-15 15:13:44', 'bgasper', 'f3684f829f73e887c8417702b54ecbce316efb39', '2001-07-30 00:00:00', 'UNIV', 'bgasper@example.edu', 'Y' ); 
INSERT INTO som_01.`FULL_PERSON`( IAMID, ID, FIRST_NAME, MI, LAST_NAME, ACTIVITY_DATE, EXTERNAL_USER, UDC_ID, BIRTH_DATE, EMAL_CODE, EMAIL_ADDRESS, PREFERRED_IND ) VALUES ( '4f10101a-0642-4070-a3f9-49fdecf11032', '10899755', 'Jo', null, 'Lewis', '2016-03-24 08:20:20', 'jlewis', '11580a709adb8a515d8b0ca0c2fb0784be91d23d', '1992-10-14 00:00:00', 'PER1', 'jlewis@gmail.com', 'Y' ); 
INSERT INTO som_01.`FULL_PERSON`( IAMID, ID, FIRST_NAME, MI, LAST_NAME, ACTIVITY_DATE, EXTERNAL_USER, UDC_ID, BIRTH_DATE, EMAL_CODE, EMAIL_ADDRESS, PREFERRED_IND ) VALUES ( '4fc03d0f-ca9e-41b7-ae22-ab1e0936cf6d', '10638602', 'Heather', 'T', 'White', '2018-08-21 08:34:23', null, '467a51205b2087137e78a0c887870f2d293789d0', '2000-11-25 00:00:00', 'PER1', 'hwhite@gmail.com', 'Y' ); 
INSERT INTO som_01.`FULL_PERSON`( IAMID, ID, FIRST_NAME, MI, LAST_NAME, ACTIVITY_DATE, EXTERNAL_USER, UDC_ID, BIRTH_DATE, EMAL_CODE, EMAIL_ADDRESS, PREFERRED_IND ) VALUES ( '5a4cdeb3-8933-4af7-bd71-38f45b535392', '10366957', 'Colin', 'C', 'Morrison', '2010-01-05 05:57:47', 'cmorrison', '8f0a12f964cef41d795d55e3e22d387fdf0b728d', '1987-09-16 00:00:00', 'UNIV', 'cmorrison@example.edu', 'Y' ); 
INSERT INTO som_01.`FULL_PERSON`( IAMID, ID, FIRST_NAME, MI, LAST_NAME, ACTIVITY_DATE, EXTERNAL_USER, UDC_ID, BIRTH_DATE, EMAL_CODE, EMAIL_ADDRESS, PREFERRED_IND ) VALUES ( '5d1dd2db-7d3a-446d-9c10-fc22f3e1b129', '10502930', 'Kiersten', 'T', 'Johnson', '2012-07-27 11:40:34', 'kjohnson', '648fb1f0ceeec094073e5f245e757c8b85dd4bb8', '1969-06-16 00:00:00', 'UNIV', 'kjohnson@example.edu', 'Y' ); 
INSERT INTO som_01.`FULL_PERSON`( IAMID, ID, FIRST_NAME, MI, LAST_NAME, ACTIVITY_DATE, EXTERNAL_USER, UDC_ID, BIRTH_DATE, EMAL_CODE, EMAIL_ADDRESS, PREFERRED_IND ) VALUES ( '6b08e51b-60d6-4455-a626-e2e30aa5bc6c', '10108022', 'Ann', null, 'Gasper', '2014-01-14 10:21:38', 'agasper', 'ad55c669811bfe334089a31d6ffd1df6dd90d90d', '1996-07-03 00:00:00', 'UNIV', 'agasper@example.edu', 'Y' ); 
INSERT INTO som_01.`FULL_PERSON`( IAMID, ID, FIRST_NAME, MI, LAST_NAME, ACTIVITY_DATE, EXTERNAL_USER, UDC_ID, BIRTH_DATE, EMAL_CODE, EMAIL_ADDRESS, PREFERRED_IND ) VALUES ( '6bb105fc-b1a0-4d9e-aa52-dc18ebce3f4b', '10896782', 'Jennifer', 'U', 'Brown', '2012-01-09 10:12:03', 'jbrown14', '0fcc2cc28946df0569fc88c39a9268a261e90d54', '1978-06-27 00:00:00', 'UNIV', 'jbrown14@example.edu', 'Y' ); 
INSERT INTO som_01.`FULL_PERSON`( IAMID, ID, FIRST_NAME, MI, LAST_NAME, ACTIVITY_DATE, EXTERNAL_USER, UDC_ID, BIRTH_DATE, EMAL_CODE, EMAIL_ADDRESS, PREFERRED_IND ) VALUES ( '6cbc6a10-1dea-490d-8509-b14d1372870e', '10708034', 'Thomas', 'J', 'Grady', '2017-08-29 12:49:38', null, 'a709b41ce0d63a78d34207cf782bcf28e78239dc', '1962-10-30 00:00:00', null, null, null ); 
INSERT INTO som_01.`FULL_PERSON`( IAMID, ID, FIRST_NAME, MI, LAST_NAME, ACTIVITY_DATE, EXTERNAL_USER, UDC_ID, BIRTH_DATE, EMAL_CODE, EMAIL_ADDRESS, PREFERRED_IND ) VALUES ( '769c89ae-aec0-4251-a6a5-155bcbb2f264', '10810622', 'William', null, 'Henderson', '2009-10-26 16:27:29', 'whenderson', 'd96cfd6c4365a17734b5c5bed5930c2f321d9930', '1959-06-01 00:00:00', 'UNIV', 'whenderson@example.edu', 'Y' ); 
INSERT INTO som_01.`FULL_PERSON`( IAMID, ID, FIRST_NAME, MI, LAST_NAME, ACTIVITY_DATE, EXTERNAL_USER, UDC_ID, BIRTH_DATE, EMAL_CODE, EMAIL_ADDRESS, PREFERRED_IND ) VALUES ( '86966129-5e60-464d-8abb-d7b7d6898f68', '10013111', 'Jennifer', 'T', 'Scott', '2015-11-16 11:02:07', 'jscott', '867ac95d84d4f93048c08e3155b666b056b0cffb', '1997-05-04 00:00:00', 'UNIV', 'jscott@example.edu', 'Y' ); 
INSERT INTO som_01.`FULL_PERSON`( IAMID, ID, FIRST_NAME, MI, LAST_NAME, ACTIVITY_DATE, EXTERNAL_USER, UDC_ID, BIRTH_DATE, EMAL_CODE, EMAIL_ADDRESS, PREFERRED_IND ) VALUES ( 'bef90326-e520-4e06-94f4-493d26896ee2', '10324254', 'Mary', 'U', 'Gasper', '2006-02-05 10:37:17', 'mgasper', '77b6dc4c9c68001382155b1aa6e57f4e8fce244c', '1958-03-02 00:00:00', null, null, null ); 
INSERT INTO som_01.`FULL_PERSON`( IAMID, ID, FIRST_NAME, MI, LAST_NAME, ACTIVITY_DATE, EXTERNAL_USER, UDC_ID, BIRTH_DATE, EMAL_CODE, EMAIL_ADDRESS, PREFERRED_IND ) VALUES ( 'bf02fd5b-b310-458e-bf8b-47aa3d0ad41a', '10631798', 'William', null, 'Price', '2012-04-03 10:27:40', 'wprice', 'deaac089ca77ae44153ba9e657037860822aea52', '1963-11-23 00:00:00', 'UNIV', 'wprice@example.edu', 'Y' ); 
INSERT INTO som_01.`FULL_PERSON`( IAMID, ID, FIRST_NAME, MI, LAST_NAME, ACTIVITY_DATE, EXTERNAL_USER, UDC_ID, BIRTH_DATE, EMAL_CODE, EMAIL_ADDRESS, PREFERRED_IND ) VALUES ( 'c51138a5-7af0-4f51-930a-81051387291c', '10254355', 'Thomas', 'J', 'Morrison', '2005-12-01 15:21:45', 'tmorrison', '016373e40d52fcf26f96d250ee881723e95ea8a4', '1965-09-28 00:00:00', 'UNIV', 'tmorrison@example.edu', 'Y' ); 
INSERT INTO som_01.`FULL_PERSON`( IAMID, ID, FIRST_NAME, MI, LAST_NAME, ACTIVITY_DATE, EXTERNAL_USER, UDC_ID, BIRTH_DATE, EMAL_CODE, EMAIL_ADDRESS, PREFERRED_IND ) VALUES ( 'c7b3c120-42ab-4fb1-ab57-73ab5dd5be89', '10559396', 'Mary', 'U', 'Thompson', '2018-08-13 11:44:04', null, 'cdff2c545584e5c689bfc2eaf4f615fb03e62878', '2001-05-21 00:00:00', 'PER1', 'mthompson@gmail.com', 'Y' ); 
INSERT INTO som_01.`FULL_PERSON`( IAMID, ID, FIRST_NAME, MI, LAST_NAME, ACTIVITY_DATE, EXTERNAL_USER, UDC_ID, BIRTH_DATE, EMAL_CODE, EMAIL_ADDRESS, PREFERRED_IND ) VALUES ( 'd0bc8d05-0865-4caa-8918-34f765ecf5e1', '10995552', 'Karoline', 'X', 'Vales', '2016-08-22 14:07:14', 'kvales', 'da1903d7dad05b07b552a6ee267e2d62c0a561fb', '1970-04-03 00:00:00', 'UNIV', 'kvales@example.edu', 'Y' ); 
INSERT INTO som_01.`FULL_PERSON`( IAMID, ID, FIRST_NAME, MI, LAST_NAME, ACTIVITY_DATE, EXTERNAL_USER, UDC_ID, BIRTH_DATE, EMAL_CODE, EMAIL_ADDRESS, PREFERRED_IND ) VALUES ( 'd3a78b1b-a9fb-41c2-a97b-5bc153438b3c', '10332157', 'Marie', 'P', 'Roberts', '2012-04-24 08:01:28', 'mroberts', '825f39ffa8cf172e2f5eeb72462184cc6b45d28b', '1965-04-25 00:00:00', null, null, null ); 
INSERT INTO som_01.`FULL_PERSON`( IAMID, ID, FIRST_NAME, MI, LAST_NAME, ACTIVITY_DATE, EXTERNAL_USER, UDC_ID, BIRTH_DATE, EMAL_CODE, EMAIL_ADDRESS, PREFERRED_IND ) VALUES ( 'd948e9f2-1ee0-40ec-aab6-ea36919921d3', '10039871', 'Donna', 'Q', 'Davis', '2018-10-01 08:34:35', 'ddavis27', '9d9867a1ea64dcbd23b3bf2cd678130e25d88969', '2000-09-26 00:00:00', 'PER1', 'ddavis27@gmail.com', 'Y' ); 
INSERT INTO som_01.`FULL_PERSON`( IAMID, ID, FIRST_NAME, MI, LAST_NAME, ACTIVITY_DATE, EXTERNAL_USER, UDC_ID, BIRTH_DATE, EMAL_CODE, EMAIL_ADDRESS, PREFERRED_IND ) VALUES ( 'dae80dc3-b062-4bb5-9f29-96130a6e0471', '10237787', 'Joe', 'F', 'Smith', '2008-06-05 07:26:31', 'jsmith', '53eb53302f0478462b166a2aed2f0490f403b62a', '1988-01-06 00:00:00', 'UNIV', 'jsmith@example.edu', 'Y' ); 
INSERT INTO som_01.`FULL_PERSON`( IAMID, ID, FIRST_NAME, MI, LAST_NAME, ACTIVITY_DATE, EXTERNAL_USER, UDC_ID, BIRTH_DATE, EMAL_CODE, EMAIL_ADDRESS, PREFERRED_IND ) VALUES ( 'e5c7b69d-5631-4c44-a058-11a6f49144e9', '10101814', 'Betty', 'V', 'Butler', '2007-09-26 16:45:25', 'bbutler', '8d4fa9021fa040040acdf7fa31e69d186a089326', '1953-02-24 00:00:00', 'UNIV', 'bbutler@example.edu', 'Y' ); 
INSERT INTO som_01.`FULL_PERSON`( IAMID, ID, FIRST_NAME, MI, LAST_NAME, ACTIVITY_DATE, EXTERNAL_USER, UDC_ID, BIRTH_DATE, EMAL_CODE, EMAIL_ADDRESS, PREFERRED_IND ) VALUES ( 'f8185f70-302f-4627-b131-84a412dcb33e', '10484983', 'David', 'R', 'Davis', '2011-09-01 11:31:56', 'ddavis', '7cdeaf63fe574589b7e4c3b6d0a4c2498a12fc8e', '1946-11-18 00:00:00', 'UNIV', 'ddavis@example.edu', 'Y' ); 
INSERT INTO som_01.`FULL_PERSON`( IAMID, ID, FIRST_NAME, MI, LAST_NAME, ACTIVITY_DATE, EXTERNAL_USER, UDC_ID, BIRTH_DATE, EMAL_CODE, EMAIL_ADDRESS, PREFERRED_IND ) VALUES ( 'f932090d-ad5f-402c-83fe-39bf061defe2', '10845813', 'Bob', 'A', 'Anderson', '2009-01-16 15:33:11', 'banderson', '4fb97cf67a2fa2f6ec42fb7d9d61e064a20ef978', '1953-07-14 00:00:00', null, null, null ); 
INSERT INTO som_01.`FULL_PERSON`( IAMID, ID, FIRST_NAME, MI, LAST_NAME, ACTIVITY_DATE, EXTERNAL_USER, UDC_ID, BIRTH_DATE, EMAL_CODE, EMAIL_ADDRESS, PREFERRED_IND ) VALUES ( 'f9c63924-1994-4d00-8233-9c7af6b1b399', '10720292', 'Greg', 'Q', 'Johnson', '2005-12-01 15:21:48', 'gjohnson', '6b41bf55482c8e4f84fa7978a3c500dbf457a705', '1960-01-01 00:00:00', null, null, null ); 
INSERT INTO som_01.`PERSON`( IAMID, ID, FIRST_NAME, MI, LAST_NAME, ACTIVITY_DATE ) VALUES ( '391f2c5e-363a-4a27-9d31-eae49b7d2183', '10928610', 'Robert', 'A', 'Martinez', '2015-09-28 08:25:25' ); 
INSERT INTO som_01.`PERSON`( IAMID, ID, FIRST_NAME, MI, LAST_NAME, ACTIVITY_DATE ) VALUES ( '3eb8a911-a597-4472-9d4b-2d526a7f9a01', '10893187', 'Ann', 'A', 'Morrison', '2012-06-27 06:49:07' ); 
INSERT INTO som_01.`PERSON`( IAMID, ID, FIRST_NAME, MI, LAST_NAME, ACTIVITY_DATE ) VALUES ( '4309b2d0-12d1-4ca6-83d1-be3dd6842c5c', '10854164', 'James', 'R', 'Brown', '2013-06-19 10:16:35' ); 
INSERT INTO som_01.`PERSON`( IAMID, ID, FIRST_NAME, MI, LAST_NAME, ACTIVITY_DATE ) VALUES ( '431fa396-df5c-428f-a199-327bd25f91c9', '10936300', 'Kiersten', null, 'Morrison', '2017-11-16 11:41:08' ); 
INSERT INTO som_01.`PERSON`( IAMID, ID, FIRST_NAME, MI, LAST_NAME, ACTIVITY_DATE ) VALUES ( '4580fe36-8a54-494a-bf60-f4811d7b6a5a', '10910094', 'Donna', 'X', 'Anderson', '2016-09-02 13:32:28' ); 
INSERT INTO som_01.`PERSON`( IAMID, ID, FIRST_NAME, MI, LAST_NAME, ACTIVITY_DATE ) VALUES ( '4845e1f4-1b11-4521-aeae-b9f19226eba1', '10196197', 'David', 'T', 'Lopez', '2018-08-20 11:41:01' ); 
INSERT INTO som_01.`PERSON`( IAMID, ID, FIRST_NAME, MI, LAST_NAME, ACTIVITY_DATE ) VALUES ( '4bbcbb7a-42c8-4787-972a-609be9607ca3', '10105190', 'David', 'B', 'Grady', '2018-07-13 11:33:29' ); 
INSERT INTO som_01.`PERSON`( IAMID, ID, FIRST_NAME, MI, LAST_NAME, ACTIVITY_DATE ) VALUES ( '4eed3506-22de-4f0e-843e-1d8f707eb4f2', '10078233', 'Bill', 'W', 'Gasper', '2018-08-15 15:13:44' ); 
INSERT INTO som_01.`PERSON`( IAMID, ID, FIRST_NAME, MI, LAST_NAME, ACTIVITY_DATE ) VALUES ( '4f10101a-0642-4070-a3f9-49fdecf11032', '10899755', 'Jo', null, 'Lewis', '2016-03-24 08:20:20' ); 
INSERT INTO som_01.`PERSON`( IAMID, ID, FIRST_NAME, MI, LAST_NAME, ACTIVITY_DATE ) VALUES ( '4fc03d0f-ca9e-41b7-ae22-ab1e0936cf6d', '10638602', 'Heather', 'T', 'White', '2018-08-21 08:34:23' ); 
INSERT INTO som_01.`PERSON`( IAMID, ID, FIRST_NAME, MI, LAST_NAME, ACTIVITY_DATE ) VALUES ( '5a4cdeb3-8933-4af7-bd71-38f45b535392', '10366957', 'Colin', 'C', 'Morrison', '2010-01-05 05:57:47' ); 
INSERT INTO som_01.`PERSON`( IAMID, ID, FIRST_NAME, MI, LAST_NAME, ACTIVITY_DATE ) VALUES ( '5d1dd2db-7d3a-446d-9c10-fc22f3e1b129', '10502930', 'Kiersten', 'T', 'Johnson', '2012-07-27 11:40:34' ); 
INSERT INTO som_01.`PERSON`( IAMID, ID, FIRST_NAME, MI, LAST_NAME, ACTIVITY_DATE ) VALUES ( '6b08e51b-60d6-4455-a626-e2e30aa5bc6c', '10108022', 'Ann', null, 'Gasper', '2014-01-14 10:21:38' ); 
INSERT INTO som_01.`PERSON`( IAMID, ID, FIRST_NAME, MI, LAST_NAME, ACTIVITY_DATE ) VALUES ( '6bb105fc-b1a0-4d9e-aa52-dc18ebce3f4b', '10896782', 'Jennifer', 'U', 'Brown', '2012-01-09 10:12:03' ); 
INSERT INTO som_01.`PERSON`( IAMID, ID, FIRST_NAME, MI, LAST_NAME, ACTIVITY_DATE ) VALUES ( '6cbc6a10-1dea-490d-8509-b14d1372870e', '10708034', 'Thomas', 'J', 'Grady', '2017-08-29 12:49:38' ); 
INSERT INTO som_01.`PERSON`( IAMID, ID, FIRST_NAME, MI, LAST_NAME, ACTIVITY_DATE ) VALUES ( '769c89ae-aec0-4251-a6a5-155bcbb2f264', '10810622', 'William', null, 'Henderson', '2009-10-26 16:27:29' ); 
INSERT INTO som_01.`PERSON`( IAMID, ID, FIRST_NAME, MI, LAST_NAME, ACTIVITY_DATE ) VALUES ( '86966129-5e60-464d-8abb-d7b7d6898f68', '10013111', 'Jennifer', 'T', 'Scott', '2015-11-16 11:02:07' ); 
INSERT INTO som_01.`PERSON`( IAMID, ID, FIRST_NAME, MI, LAST_NAME, ACTIVITY_DATE ) VALUES ( 'bef90326-e520-4e06-94f4-493d26896ee2', '10324254', 'Mary', 'U', 'Gasper', '2006-02-05 10:37:17' ); 
INSERT INTO som_01.`PERSON`( IAMID, ID, FIRST_NAME, MI, LAST_NAME, ACTIVITY_DATE ) VALUES ( 'bf02fd5b-b310-458e-bf8b-47aa3d0ad41a', '10631798', 'William', null, 'Price', '2012-04-03 10:27:40' ); 
INSERT INTO som_01.`PERSON`( IAMID, ID, FIRST_NAME, MI, LAST_NAME, ACTIVITY_DATE ) VALUES ( 'c51138a5-7af0-4f51-930a-81051387291c', '10254355', 'Thomas', 'J', 'Morrison', '2005-12-01 15:21:45' ); 
INSERT INTO som_01.`PERSON`( IAMID, ID, FIRST_NAME, MI, LAST_NAME, ACTIVITY_DATE ) VALUES ( 'c7b3c120-42ab-4fb1-ab57-73ab5dd5be89', '10559396', 'Mary', 'U', 'Thompson', '2018-08-13 11:44:04' ); 
INSERT INTO som_01.`PERSON`( IAMID, ID, FIRST_NAME, MI, LAST_NAME, ACTIVITY_DATE ) VALUES ( 'd0bc8d05-0865-4caa-8918-34f765ecf5e1', '10995552', 'Karoline', 'X', 'Vales', '2016-08-22 14:07:14' ); 
INSERT INTO som_01.`PERSON`( IAMID, ID, FIRST_NAME, MI, LAST_NAME, ACTIVITY_DATE ) VALUES ( 'd3a78b1b-a9fb-41c2-a97b-5bc153438b3c', '10332157', 'Marie', 'P', 'Roberts', '2012-04-24 08:01:28' ); 
INSERT INTO som_01.`PERSON`( IAMID, ID, FIRST_NAME, MI, LAST_NAME, ACTIVITY_DATE ) VALUES ( 'd948e9f2-1ee0-40ec-aab6-ea36919921d3', '10039871', 'Donna', 'Q', 'Davis', '2018-10-01 08:34:35' ); 
INSERT INTO som_01.`PERSON`( IAMID, ID, FIRST_NAME, MI, LAST_NAME, ACTIVITY_DATE ) VALUES ( 'dae80dc3-b062-4bb5-9f29-96130a6e0471', '10237787', 'Joe', 'F', 'Smith', '2008-06-05 07:26:31' ); 
INSERT INTO som_01.`PERSON`( IAMID, ID, FIRST_NAME, MI, LAST_NAME, ACTIVITY_DATE ) VALUES ( 'e5c7b69d-5631-4c44-a058-11a6f49144e9', '10101814', 'Betty', 'V', 'Butler', '2007-09-26 16:45:25' ); 
INSERT INTO som_01.`PERSON`( IAMID, ID, FIRST_NAME, MI, LAST_NAME, ACTIVITY_DATE ) VALUES ( 'f8185f70-302f-4627-b131-84a412dcb33e', '10484983', 'David', 'R', 'Davis', '2011-09-01 11:31:56' ); 
INSERT INTO som_01.`PERSON`( IAMID, ID, FIRST_NAME, MI, LAST_NAME, ACTIVITY_DATE ) VALUES ( 'f932090d-ad5f-402c-83fe-39bf061defe2', '10845813', 'Bob', 'A', 'Anderson', '2009-01-16 15:33:11' ); 
INSERT INTO som_01.`PERSON`( IAMID, ID, FIRST_NAME, MI, LAST_NAME, ACTIVITY_DATE ) VALUES ( 'f9c63924-1994-4d00-8233-9c7af6b1b399', '10720292', 'Greg', 'Q', 'Johnson', '2005-12-01 15:21:48' ); 
INSERT INTO som_01.`PERSON2`( IAMID, PREF_FIRST_NAME, DEAD_IND, BIRTH_DATE, NAME_SUFFIX, ACTIVITY_DATE ) VALUES ( '391f2c5e-363a-4a27-9d31-eae49b7d2183', null, null, '1967-10-14 00:00:00', null, '2015-09-28 08:25:25' ); 
INSERT INTO som_01.`PERSON2`( IAMID, PREF_FIRST_NAME, DEAD_IND, BIRTH_DATE, NAME_SUFFIX, ACTIVITY_DATE ) VALUES ( '3eb8a911-a597-4472-9d4b-2d526a7f9a01', 'Ann', null, '1994-08-03 00:00:00', null, '2017-06-26 12:35:46' ); 
INSERT INTO som_01.`PERSON2`( IAMID, PREF_FIRST_NAME, DEAD_IND, BIRTH_DATE, NAME_SUFFIX, ACTIVITY_DATE ) VALUES ( '4309b2d0-12d1-4ca6-83d1-be3dd6842c5c', null, null, '1979-09-18 00:00:00', null, '2013-06-18 07:50:35' ); 
INSERT INTO som_01.`PERSON2`( IAMID, PREF_FIRST_NAME, DEAD_IND, BIRTH_DATE, NAME_SUFFIX, ACTIVITY_DATE ) VALUES ( '431fa396-df5c-428f-a199-327bd25f91c9', 'Kiersten', null, '1998-09-27 00:00:00', null, '2017-11-16 11:41:09' ); 
INSERT INTO som_01.`PERSON2`( IAMID, PREF_FIRST_NAME, DEAD_IND, BIRTH_DATE, NAME_SUFFIX, ACTIVITY_DATE ) VALUES ( '4580fe36-8a54-494a-bf60-f4811d7b6a5a', null, null, '1957-09-14 00:00:00', null, '2017-05-30 10:12:59' ); 
INSERT INTO som_01.`PERSON2`( IAMID, PREF_FIRST_NAME, DEAD_IND, BIRTH_DATE, NAME_SUFFIX, ACTIVITY_DATE ) VALUES ( '4845e1f4-1b11-4521-aeae-b9f19226eba1', 'David', null, '2001-01-04 00:00:00', null, '2018-09-11 08:57:36' ); 
INSERT INTO som_01.`PERSON2`( IAMID, PREF_FIRST_NAME, DEAD_IND, BIRTH_DATE, NAME_SUFFIX, ACTIVITY_DATE ) VALUES ( '4bbcbb7a-42c8-4787-972a-609be9607ca3', null, null, '1973-11-17 00:00:00', null, '2018-07-18 08:38:10' ); 
INSERT INTO som_01.`PERSON2`( IAMID, PREF_FIRST_NAME, DEAD_IND, BIRTH_DATE, NAME_SUFFIX, ACTIVITY_DATE ) VALUES ( '4eed3506-22de-4f0e-843e-1d8f707eb4f2', 'Bill', null, '2001-07-30 00:00:00', null, '2018-08-15 15:13:46' ); 
INSERT INTO som_01.`PERSON2`( IAMID, PREF_FIRST_NAME, DEAD_IND, BIRTH_DATE, NAME_SUFFIX, ACTIVITY_DATE ) VALUES ( '4f10101a-0642-4070-a3f9-49fdecf11032', null, null, '1992-10-14 00:00:00', null, '2018-10-31 21:34:54' ); 
INSERT INTO som_01.`PERSON2`( IAMID, PREF_FIRST_NAME, DEAD_IND, BIRTH_DATE, NAME_SUFFIX, ACTIVITY_DATE ) VALUES ( '4fc03d0f-ca9e-41b7-ae22-ab1e0936cf6d', 'Heather', null, '2000-11-25 00:00:00', null, '2018-08-21 08:34:23' ); 
INSERT INTO som_01.`PERSON2`( IAMID, PREF_FIRST_NAME, DEAD_IND, BIRTH_DATE, NAME_SUFFIX, ACTIVITY_DATE ) VALUES ( '5a4cdeb3-8933-4af7-bd71-38f45b535392', null, null, '1987-09-16 00:00:00', null, '2013-01-20 16:04:09' ); 
INSERT INTO som_01.`PERSON2`( IAMID, PREF_FIRST_NAME, DEAD_IND, BIRTH_DATE, NAME_SUFFIX, ACTIVITY_DATE ) VALUES ( '5d1dd2db-7d3a-446d-9c10-fc22f3e1b129', null, null, '1969-06-16 00:00:00', null, '2017-05-30 08:55:07' ); 
INSERT INTO som_01.`PERSON2`( IAMID, PREF_FIRST_NAME, DEAD_IND, BIRTH_DATE, NAME_SUFFIX, ACTIVITY_DATE ) VALUES ( '6b08e51b-60d6-4455-a626-e2e30aa5bc6c', null, null, '1996-07-03 00:00:00', null, '2018-04-05 14:57:34' ); 
INSERT INTO som_01.`PERSON2`( IAMID, PREF_FIRST_NAME, DEAD_IND, BIRTH_DATE, NAME_SUFFIX, ACTIVITY_DATE ) VALUES ( '6bb105fc-b1a0-4d9e-aa52-dc18ebce3f4b', 'Jennifer', null, '1978-06-27 00:00:00', null, '2013-09-18 14:21:42' ); 
INSERT INTO som_01.`PERSON2`( IAMID, PREF_FIRST_NAME, DEAD_IND, BIRTH_DATE, NAME_SUFFIX, ACTIVITY_DATE ) VALUES ( '6cbc6a10-1dea-490d-8509-b14d1372870e', null, null, '1962-10-30 00:00:00', null, '2017-08-29 12:49:38' ); 
INSERT INTO som_01.`PERSON2`( IAMID, PREF_FIRST_NAME, DEAD_IND, BIRTH_DATE, NAME_SUFFIX, ACTIVITY_DATE ) VALUES ( '769c89ae-aec0-4251-a6a5-155bcbb2f264', null, null, '1959-06-01 00:00:00', null, '2018-11-01 11:17:35' ); 
INSERT INTO som_01.`PERSON2`( IAMID, PREF_FIRST_NAME, DEAD_IND, BIRTH_DATE, NAME_SUFFIX, ACTIVITY_DATE ) VALUES ( '86966129-5e60-464d-8abb-d7b7d6898f68', null, null, '1997-05-04 00:00:00', null, '2018-05-15 08:44:59' ); 
INSERT INTO som_01.`PERSON2`( IAMID, PREF_FIRST_NAME, DEAD_IND, BIRTH_DATE, NAME_SUFFIX, ACTIVITY_DATE ) VALUES ( 'bef90326-e520-4e06-94f4-493d26896ee2', null, null, '1958-03-02 00:00:00', null, '2006-02-05 11:01:12' ); 
INSERT INTO som_01.`PERSON2`( IAMID, PREF_FIRST_NAME, DEAD_IND, BIRTH_DATE, NAME_SUFFIX, ACTIVITY_DATE ) VALUES ( 'bf02fd5b-b310-458e-bf8b-47aa3d0ad41a', null, null, '1963-11-23 00:00:00', null, '2012-04-03 10:30:25' ); 
INSERT INTO som_01.`PERSON2`( IAMID, PREF_FIRST_NAME, DEAD_IND, BIRTH_DATE, NAME_SUFFIX, ACTIVITY_DATE ) VALUES ( 'c51138a5-7af0-4f51-930a-81051387291c', 'Thomas', null, '1965-09-28 00:00:00', null, '2014-09-04 08:57:01' ); 
INSERT INTO som_01.`PERSON2`( IAMID, PREF_FIRST_NAME, DEAD_IND, BIRTH_DATE, NAME_SUFFIX, ACTIVITY_DATE ) VALUES ( 'c7b3c120-42ab-4fb1-ab57-73ab5dd5be89', 'Mary', null, '2001-05-21 00:00:00', null, '2018-08-13 11:44:05' ); 
INSERT INTO som_01.`PERSON2`( IAMID, PREF_FIRST_NAME, DEAD_IND, BIRTH_DATE, NAME_SUFFIX, ACTIVITY_DATE ) VALUES ( 'd0bc8d05-0865-4caa-8918-34f765ecf5e1', null, null, '1970-04-03 00:00:00', null, '2016-08-22 14:10:01' ); 
INSERT INTO som_01.`PERSON2`( IAMID, PREF_FIRST_NAME, DEAD_IND, BIRTH_DATE, NAME_SUFFIX, ACTIVITY_DATE ) VALUES ( 'd3a78b1b-a9fb-41c2-a97b-5bc153438b3c', null, null, '1965-04-25 00:00:00', null, '2012-04-24 08:01:28' ); 
INSERT INTO som_01.`PERSON2`( IAMID, PREF_FIRST_NAME, DEAD_IND, BIRTH_DATE, NAME_SUFFIX, ACTIVITY_DATE ) VALUES ( 'd948e9f2-1ee0-40ec-aab6-ea36919921d3', 'Donna', null, '2000-09-26 00:00:00', null, '2018-10-01 08:34:37' ); 
INSERT INTO som_01.`PERSON2`( IAMID, PREF_FIRST_NAME, DEAD_IND, BIRTH_DATE, NAME_SUFFIX, ACTIVITY_DATE ) VALUES ( 'dae80dc3-b062-4bb5-9f29-96130a6e0471', null, null, '1988-01-06 00:00:00', null, '2018-11-15 10:21:18' ); 
INSERT INTO som_01.`PERSON2`( IAMID, PREF_FIRST_NAME, DEAD_IND, BIRTH_DATE, NAME_SUFFIX, ACTIVITY_DATE ) VALUES ( 'e5c7b69d-5631-4c44-a058-11a6f49144e9', 'Betty', null, '1953-02-24 00:00:00', null, '2009-08-13 08:24:55' ); 
INSERT INTO som_01.`PERSON2`( IAMID, PREF_FIRST_NAME, DEAD_IND, BIRTH_DATE, NAME_SUFFIX, ACTIVITY_DATE ) VALUES ( 'f8185f70-302f-4627-b131-84a412dcb33e', null, null, '1946-11-18 00:00:00', null, '2009-11-18 15:04:19' ); 
INSERT INTO som_01.`PERSON2`( IAMID, PREF_FIRST_NAME, DEAD_IND, BIRTH_DATE, NAME_SUFFIX, ACTIVITY_DATE ) VALUES ( 'f932090d-ad5f-402c-83fe-39bf061defe2', null, null, '1953-07-14 00:00:00', null, '2009-01-16 15:33:11' ); 
INSERT INTO som_01.`PERSON2`( IAMID, PREF_FIRST_NAME, DEAD_IND, BIRTH_DATE, NAME_SUFFIX, ACTIVITY_DATE ) VALUES ( 'f9c63924-1994-4d00-8233-9c7af6b1b399', 'Greg', null, '1960-01-01 00:00:00', null, '2009-05-26 23:16:18' ); 
INSERT INTO som_01.`UDCID`( IAMID, UDC_ID, ACTIVITY_DATE ) VALUES ( 'dae80dc3-b062-4bb5-9f29-96130a6e0471', '53eb53302f0478462b166a2aed2f0490f403b62a', '2014-08-14 11:35:07' ); 
INSERT INTO som_01.`UDCID`( IAMID, UDC_ID, ACTIVITY_DATE ) VALUES ( 'bef90326-e520-4e06-94f4-493d26896ee2', '77b6dc4c9c68001382155b1aa6e57f4e8fce244c', '2014-08-14 11:33:54' ); 
INSERT INTO som_01.`UDCID`( IAMID, UDC_ID, ACTIVITY_DATE ) VALUES ( '6cbc6a10-1dea-490d-8509-b14d1372870e', 'a709b41ce0d63a78d34207cf782bcf28e78239dc', '2017-08-29 12:49:38' ); 
INSERT INTO som_01.`UDCID`( IAMID, UDC_ID, ACTIVITY_DATE ) VALUES ( '4bbcbb7a-42c8-4787-972a-609be9607ca3', 'a5d443b4740f766ad690a4590faa1f0f64bdc867', '2018-07-13 11:33:30' ); 
INSERT INTO som_01.`UDCID`( IAMID, UDC_ID, ACTIVITY_DATE ) VALUES ( '6bb105fc-b1a0-4d9e-aa52-dc18ebce3f4b', '0fcc2cc28946df0569fc88c39a9268a261e90d54', '2014-08-14 11:36:17' ); 
INSERT INTO som_01.`UDCID`( IAMID, UDC_ID, ACTIVITY_DATE ) VALUES ( '86966129-5e60-464d-8abb-d7b7d6898f68', '867ac95d84d4f93048c08e3155b666b056b0cffb', '2014-08-14 11:37:27' ); 
INSERT INTO som_01.`UDCID`( IAMID, UDC_ID, ACTIVITY_DATE ) VALUES ( 'c7b3c120-42ab-4fb1-ab57-73ab5dd5be89', 'cdff2c545584e5c689bfc2eaf4f615fb03e62878', '2018-08-13 11:44:04' ); 
INSERT INTO som_01.`UDCID`( IAMID, UDC_ID, ACTIVITY_DATE ) VALUES ( '4f10101a-0642-4070-a3f9-49fdecf11032', '11580a709adb8a515d8b0ca0c2fb0784be91d23d', '2016-03-24 08:20:24' ); 
INSERT INTO som_01.`UDCID`( IAMID, UDC_ID, ACTIVITY_DATE ) VALUES ( '769c89ae-aec0-4251-a6a5-155bcbb2f264', 'd96cfd6c4365a17734b5c5bed5930c2f321d9930', '2014-08-14 11:36:56' ); 
INSERT INTO som_01.`UDCID`( IAMID, UDC_ID, ACTIVITY_DATE ) VALUES ( 'c51138a5-7af0-4f51-930a-81051387291c', '016373e40d52fcf26f96d250ee881723e95ea8a4', '2014-08-14 11:33:53' ); 
INSERT INTO som_01.`UDCID`( IAMID, UDC_ID, ACTIVITY_DATE ) VALUES ( '5a4cdeb3-8933-4af7-bd71-38f45b535392', '8f0a12f964cef41d795d55e3e22d387fdf0b728d', '2014-08-14 11:36:28' ); 
INSERT INTO som_01.`UDCID`( IAMID, UDC_ID, ACTIVITY_DATE ) VALUES ( 'd948e9f2-1ee0-40ec-aab6-ea36919921d3', '9d9867a1ea64dcbd23b3bf2cd678130e25d88969', '2018-10-01 08:34:35' ); 
INSERT INTO som_01.`UDCID`( IAMID, UDC_ID, ACTIVITY_DATE ) VALUES ( 'f932090d-ad5f-402c-83fe-39bf061defe2', '4fb97cf67a2fa2f6ec42fb7d9d61e064a20ef978', '2014-08-14 11:35:29' ); 
INSERT INTO som_01.`UDCID`( IAMID, UDC_ID, ACTIVITY_DATE ) VALUES ( '4580fe36-8a54-494a-bf60-f4811d7b6a5a', '58b91e48e6026e82d29234fd641f73bb4dfe48fd', '2014-08-14 11:35:32' ); 
INSERT INTO som_01.`UDCID`( IAMID, UDC_ID, ACTIVITY_DATE ) VALUES ( 'f9c63924-1994-4d00-8233-9c7af6b1b399', '6b41bf55482c8e4f84fa7978a3c500dbf457a705', '2014-08-14 11:35:45' ); 
INSERT INTO som_01.`UDCID`( IAMID, UDC_ID, ACTIVITY_DATE ) VALUES ( '4fc03d0f-ca9e-41b7-ae22-ab1e0936cf6d', '467a51205b2087137e78a0c887870f2d293789d0', '2018-08-21 08:34:23' ); 
INSERT INTO som_01.`UDCID`( IAMID, UDC_ID, ACTIVITY_DATE ) VALUES ( 'bf02fd5b-b310-458e-bf8b-47aa3d0ad41a', 'deaac089ca77ae44153ba9e657037860822aea52', '2014-08-14 11:36:07' ); 
INSERT INTO som_01.`UDCID`( IAMID, UDC_ID, ACTIVITY_DATE ) VALUES ( '391f2c5e-363a-4a27-9d31-eae49b7d2183', 'e6bb6c30f95815561a361ea7afd1cd461000df11', '2015-09-28 08:25:26' ); 
INSERT INTO som_01.`UDCID`( IAMID, UDC_ID, ACTIVITY_DATE ) VALUES ( '6b08e51b-60d6-4455-a626-e2e30aa5bc6c', 'ad55c669811bfe334089a31d6ffd1df6dd90d90d', '2014-08-14 11:36:42' ); 
INSERT INTO som_01.`UDCID`( IAMID, UDC_ID, ACTIVITY_DATE ) VALUES ( '4845e1f4-1b11-4521-aeae-b9f19226eba1', 'dee0c683fbb35095c2a2a823ea6329dd1d987791', '2018-08-20 10:11:52' ); 
INSERT INTO som_01.`UDCID`( IAMID, UDC_ID, ACTIVITY_DATE ) VALUES ( '431fa396-df5c-428f-a199-327bd25f91c9', '9fc11dbb8b0eebecee8f982756fed320560446fc', '2017-11-16 11:41:08' ); 
INSERT INTO som_01.`UDCID`( IAMID, UDC_ID, ACTIVITY_DATE ) VALUES ( '4eed3506-22de-4f0e-843e-1d8f707eb4f2', 'f3684f829f73e887c8417702b54ecbce316efb39', '2018-08-15 15:13:44' ); 
INSERT INTO som_01.`UDCID`( IAMID, UDC_ID, ACTIVITY_DATE ) VALUES ( 'e5c7b69d-5631-4c44-a058-11a6f49144e9', '8d4fa9021fa040040acdf7fa31e69d186a089326', '2014-08-14 11:37:09' ); 
INSERT INTO som_01.`UDCID`( IAMID, UDC_ID, ACTIVITY_DATE ) VALUES ( 'd0bc8d05-0865-4caa-8918-34f765ecf5e1', 'da1903d7dad05b07b552a6ee267e2d62c0a561fb', '2016-08-22 14:07:17' ); 
INSERT INTO som_01.`UDCID`( IAMID, UDC_ID, ACTIVITY_DATE ) VALUES ( '5d1dd2db-7d3a-446d-9c10-fc22f3e1b129', '648fb1f0ceeec094073e5f245e757c8b85dd4bb8', '2014-08-14 11:34:46' ); 
INSERT INTO som_01.`UDCID`( IAMID, UDC_ID, ACTIVITY_DATE ) VALUES ( '3eb8a911-a597-4472-9d4b-2d526a7f9a01', '836ef710caf4f9417557cfdf6273990e69b35781', '2014-08-14 11:37:21' ); 
INSERT INTO som_01.`UDCID`( IAMID, UDC_ID, ACTIVITY_DATE ) VALUES ( 'f8185f70-302f-4627-b131-84a412dcb33e', '7cdeaf63fe574589b7e4c3b6d0a4c2498a12fc8e', '2014-08-14 11:35:31' ); 
INSERT INTO som_01.`UDCID`( IAMID, UDC_ID, ACTIVITY_DATE ) VALUES ( 'd3a78b1b-a9fb-41c2-a97b-5bc153438b3c', '825f39ffa8cf172e2f5eeb72462184cc6b45d28b', '2014-08-14 11:36:35' ); 
INSERT INTO som_01.`UDCID`( IAMID, UDC_ID, ACTIVITY_DATE ) VALUES ( '4309b2d0-12d1-4ca6-83d1-be3dd6842c5c', 'e964b15bf155833201e29c96fac57352f1b7437c', '2014-08-14 11:36:10' ); 
INSERT INTO som_01.`BANNERUSERNAME`( IAMID, EXTERNAL_USER, ACTIVITY_DATE ) VALUES ( 'dae80dc3-b062-4bb5-9f29-96130a6e0471', 'jsmith', '2018-07-02 02:12:38' ); 
INSERT INTO som_01.`BANNERUSERNAME`( IAMID, EXTERNAL_USER, ACTIVITY_DATE ) VALUES ( 'e5c7b69d-5631-4c44-a058-11a6f49144e9', 'bbutler', '2010-08-16 20:03:25' ); 
INSERT INTO som_01.`BANNERUSERNAME`( IAMID, EXTERNAL_USER, ACTIVITY_DATE ) VALUES ( '4580fe36-8a54-494a-bf60-f4811d7b6a5a', 'danderson', '2016-08-16 17:22:01' ); 
INSERT INTO som_01.`BANNERUSERNAME`( IAMID, EXTERNAL_USER, ACTIVITY_DATE ) VALUES ( 'bf02fd5b-b310-458e-bf8b-47aa3d0ad41a', 'wprice', '2012-05-17 07:18:11' ); 
INSERT INTO som_01.`BANNERUSERNAME`( IAMID, EXTERNAL_USER, ACTIVITY_DATE ) VALUES ( '769c89ae-aec0-4251-a6a5-155bcbb2f264', 'whenderson', '2018-10-31 13:15:33' ); 
INSERT INTO som_01.`BANNERUSERNAME`( IAMID, EXTERNAL_USER, ACTIVITY_DATE ) VALUES ( '4309b2d0-12d1-4ca6-83d1-be3dd6842c5c', 'jbrown', '2013-06-24 15:37:53' ); 
INSERT INTO som_01.`BANNERUSERNAME`( IAMID, EXTERNAL_USER, ACTIVITY_DATE ) VALUES ( '6b08e51b-60d6-4455-a626-e2e30aa5bc6c', 'agasper', '2014-05-14 23:28:43' ); 
INSERT INTO som_01.`BANNERUSERNAME`( IAMID, EXTERNAL_USER, ACTIVITY_DATE ) VALUES ( 'f8185f70-302f-4627-b131-84a412dcb33e', 'ddavis', '2010-08-16 20:07:06' ); 
INSERT INTO som_01.`BANNERUSERNAME`( IAMID, EXTERNAL_USER, ACTIVITY_DATE ) VALUES ( '5d1dd2db-7d3a-446d-9c10-fc22f3e1b129', 'kjohnson', '2012-07-12 14:23:03' ); 
INSERT INTO som_01.`BANNERUSERNAME`( IAMID, EXTERNAL_USER, ACTIVITY_DATE ) VALUES ( 'd948e9f2-1ee0-40ec-aab6-ea36919921d3', 'ddavis27', '2018-11-16 16:42:39' ); 
INSERT INTO som_01.`BANNERUSERNAME`( IAMID, EXTERNAL_USER, ACTIVITY_DATE ) VALUES ( '4eed3506-22de-4f0e-843e-1d8f707eb4f2', 'bgasper', '2018-11-17 09:34:12' ); 
INSERT INTO som_01.`BANNERUSERNAME`( IAMID, EXTERNAL_USER, ACTIVITY_DATE ) VALUES ( 'd0bc8d05-0865-4caa-8918-34f765ecf5e1', 'kvales', '2016-08-23 19:51:44' ); 
INSERT INTO som_01.`BANNERUSERNAME`( IAMID, EXTERNAL_USER, ACTIVITY_DATE ) VALUES ( 'f9c63924-1994-4d00-8233-9c7af6b1b399', 'gjohnson', '2010-08-16 20:03:48' ); 
INSERT INTO som_01.`BANNERUSERNAME`( IAMID, EXTERNAL_USER, ACTIVITY_DATE ) VALUES ( '5a4cdeb3-8933-4af7-bd71-38f45b535392', 'cmorrison', '2010-08-16 20:07:08' ); 
INSERT INTO som_01.`BANNERUSERNAME`( IAMID, EXTERNAL_USER, ACTIVITY_DATE ) VALUES ( '6bb105fc-b1a0-4d9e-aa52-dc18ebce3f4b', 'jbrown14', '2010-08-16 20:03:46' ); 
INSERT INTO som_01.`BANNERUSERNAME`( IAMID, EXTERNAL_USER, ACTIVITY_DATE ) VALUES ( 'f932090d-ad5f-402c-83fe-39bf061defe2', 'banderson', '2010-08-16 20:06:43' ); 
INSERT INTO som_01.`BANNERUSERNAME`( IAMID, EXTERNAL_USER, ACTIVITY_DATE ) VALUES ( '86966129-5e60-464d-8abb-d7b7d6898f68', 'jscott', '2016-06-06 07:15:38' ); 
INSERT INTO som_01.`BANNERUSERNAME`( IAMID, EXTERNAL_USER, ACTIVITY_DATE ) VALUES ( '4f10101a-0642-4070-a3f9-49fdecf11032', 'jlewis', '2018-12-03 21:10:37' ); 
INSERT INTO som_01.`BANNERUSERNAME`( IAMID, EXTERNAL_USER, ACTIVITY_DATE ) VALUES ( 'c51138a5-7af0-4f51-930a-81051387291c', 'tmorrison', '2010-08-16 20:03:38' ); 
INSERT INTO som_01.`BANNERUSERNAME`( IAMID, EXTERNAL_USER, ACTIVITY_DATE ) VALUES ( 'bef90326-e520-4e06-94f4-493d26896ee2', 'mgasper', '2010-08-16 20:04:10' ); 
INSERT INTO som_01.`BANNERUSERNAME`( IAMID, EXTERNAL_USER, ACTIVITY_DATE ) VALUES ( 'd3a78b1b-a9fb-41c2-a97b-5bc153438b3c', 'mroberts', '2012-04-24 09:00:05' ); 
INSERT INTO som_01.`BANNERUSERNAME`( IAMID, EXTERNAL_USER, ACTIVITY_DATE ) VALUES ( '4bbcbb7a-42c8-4787-972a-609be9607ca3', 'dgrady', '2018-07-19 11:08:32' ); 
INSERT INTO som_01.`BANNERUSERNAME`( IAMID, EXTERNAL_USER, ACTIVITY_DATE ) VALUES ( '3eb8a911-a597-4472-9d4b-2d526a7f9a01', 'amorrison', '2012-05-10 19:09:39' ); 
INSERT INTO som_01.`EMAIL`( IAMID, EMAL_CODE, EMAIL_ADDRESS, STATUS_IND, PREFERRED_IND, ACTIVITY_DATE ) VALUES ( '5a4cdeb3-8933-4af7-bd71-38f45b535392', 'UNIV', 'cmorrison@example.edu', 'A', 'Y', '2015-02-26 16:47:14' ); 
INSERT INTO som_01.`EMAIL`( IAMID, EMAL_CODE, EMAIL_ADDRESS, STATUS_IND, PREFERRED_IND, ACTIVITY_DATE ) VALUES ( '6b08e51b-60d6-4455-a626-e2e30aa5bc6c', 'UNIV', 'agasper@example.edu', 'A', 'Y', '2015-02-26 16:47:14' ); 
INSERT INTO som_01.`EMAIL`( IAMID, EMAL_CODE, EMAIL_ADDRESS, STATUS_IND, PREFERRED_IND, ACTIVITY_DATE ) VALUES ( 'dae80dc3-b062-4bb5-9f29-96130a6e0471', 'UNIV', 'jsmith@example.edu', 'A', 'Y', '2018-06-01 23:00:03' ); 
INSERT INTO som_01.`EMAIL`( IAMID, EMAL_CODE, EMAIL_ADDRESS, STATUS_IND, PREFERRED_IND, ACTIVITY_DATE ) VALUES ( '3eb8a911-a597-4472-9d4b-2d526a7f9a01', 'UNIV', 'amorrison@example.edu', 'A', 'Y', '2016-03-09 23:00:22' ); 
INSERT INTO som_01.`EMAIL`( IAMID, EMAL_CODE, EMAIL_ADDRESS, STATUS_IND, PREFERRED_IND, ACTIVITY_DATE ) VALUES ( '6bb105fc-b1a0-4d9e-aa52-dc18ebce3f4b', 'UNIV', 'jbrown14@example.edu', 'A', 'Y', '2015-02-26 16:47:14' ); 
INSERT INTO som_01.`EMAIL`( IAMID, EMAL_CODE, EMAIL_ADDRESS, STATUS_IND, PREFERRED_IND, ACTIVITY_DATE ) VALUES ( '86966129-5e60-464d-8abb-d7b7d6898f68', 'UNIV', 'jscott@example.edu', 'A', 'Y', '2016-04-03 23:00:04' ); 
INSERT INTO som_01.`EMAIL`( IAMID, EMAL_CODE, EMAIL_ADDRESS, STATUS_IND, PREFERRED_IND, ACTIVITY_DATE ) VALUES ( '4845e1f4-1b11-4521-aeae-b9f19226eba1', 'PER1', 'dlopez@gmail.com', 'A', 'Y', '2018-08-20 11:41:04' ); 
INSERT INTO som_01.`EMAIL`( IAMID, EMAL_CODE, EMAIL_ADDRESS, STATUS_IND, PREFERRED_IND, ACTIVITY_DATE ) VALUES ( '4fc03d0f-ca9e-41b7-ae22-ab1e0936cf6d', 'PER1', 'hwhite@gmail.com', 'A', 'Y', '2018-08-21 08:34:27' ); 
INSERT INTO som_01.`EMAIL`( IAMID, EMAL_CODE, EMAIL_ADDRESS, STATUS_IND, PREFERRED_IND, ACTIVITY_DATE ) VALUES ( '431fa396-df5c-428f-a199-327bd25f91c9', 'PER1', 'kmorrison@gmail.com', 'A', 'Y', '2017-11-16 11:41:19' ); 
INSERT INTO som_01.`EMAIL`( IAMID, EMAL_CODE, EMAIL_ADDRESS, STATUS_IND, PREFERRED_IND, ACTIVITY_DATE ) VALUES ( 'c7b3c120-42ab-4fb1-ab57-73ab5dd5be89', 'PER1', 'mthompson@gmail.com', 'A', 'Y', '2018-08-13 11:44:14' ); 
INSERT INTO som_01.`EMAIL`( IAMID, EMAL_CODE, EMAIL_ADDRESS, STATUS_IND, PREFERRED_IND, ACTIVITY_DATE ) VALUES ( 'd948e9f2-1ee0-40ec-aab6-ea36919921d3', 'PER1', 'ddavis27@gmail.com', 'A', 'Y', '2018-10-01 08:34:46' ); 
INSERT INTO som_01.`EMAIL`( IAMID, EMAL_CODE, EMAIL_ADDRESS, STATUS_IND, PREFERRED_IND, ACTIVITY_DATE ) VALUES ( '4f10101a-0642-4070-a3f9-49fdecf11032', 'PER1', 'jlewis@gmail.com', 'A', 'Y', '2018-10-31 21:36:20' ); 
INSERT INTO som_01.`EMAIL`( IAMID, EMAL_CODE, EMAIL_ADDRESS, STATUS_IND, PREFERRED_IND, ACTIVITY_DATE ) VALUES ( '4eed3506-22de-4f0e-843e-1d8f707eb4f2', 'UNIV', 'bgasper@example.edu', 'A', 'Y', '2018-11-19 23:01:04' ); 
INSERT INTO som_01.`EMAIL`( IAMID, EMAL_CODE, EMAIL_ADDRESS, STATUS_IND, PREFERRED_IND, ACTIVITY_DATE ) VALUES ( 'e5c7b69d-5631-4c44-a058-11a6f49144e9', 'UNIV', 'bbutler@example.edu', 'A', 'Y', '2015-02-26 16:47:14' ); 
INSERT INTO som_01.`EMAIL`( IAMID, EMAL_CODE, EMAIL_ADDRESS, STATUS_IND, PREFERRED_IND, ACTIVITY_DATE ) VALUES ( '769c89ae-aec0-4251-a6a5-155bcbb2f264', 'UNIV', 'whenderson@example.edu', 'A', 'Y', '2018-10-31 23:00:04' ); 
INSERT INTO som_01.`EMAIL`( IAMID, EMAL_CODE, EMAIL_ADDRESS, STATUS_IND, PREFERRED_IND, ACTIVITY_DATE ) VALUES ( 'f8185f70-302f-4627-b131-84a412dcb33e', 'UNIV', 'ddavis@example.edu', 'A', 'Y', '2016-03-29 23:00:04' ); 
INSERT INTO som_01.`EMAIL`( IAMID, EMAL_CODE, EMAIL_ADDRESS, STATUS_IND, PREFERRED_IND, ACTIVITY_DATE ) VALUES ( '4580fe36-8a54-494a-bf60-f4811d7b6a5a', 'UNIV', 'danderson@example.edu', 'A', 'Y', '2016-07-19 23:00:06' ); 
INSERT INTO som_01.`EMAIL`( IAMID, EMAL_CODE, EMAIL_ADDRESS, STATUS_IND, PREFERRED_IND, ACTIVITY_DATE ) VALUES ( 'bf02fd5b-b310-458e-bf8b-47aa3d0ad41a', 'UNIV', 'wprice@example.edu', 'A', 'Y', '2015-02-26 16:47:14' ); 
INSERT INTO som_01.`EMAIL`( IAMID, EMAL_CODE, EMAIL_ADDRESS, STATUS_IND, PREFERRED_IND, ACTIVITY_DATE ) VALUES ( '5d1dd2db-7d3a-446d-9c10-fc22f3e1b129', 'UNIV', 'kjohnson@example.edu', 'A', 'Y', '2015-02-26 16:47:14' ); 
INSERT INTO som_01.`EMAIL`( IAMID, EMAL_CODE, EMAIL_ADDRESS, STATUS_IND, PREFERRED_IND, ACTIVITY_DATE ) VALUES ( '4309b2d0-12d1-4ca6-83d1-be3dd6842c5c', 'UNIV', 'jbrown@example.edu', 'A', 'Y', '2015-02-26 16:47:14' ); 
INSERT INTO som_01.`EMAIL`( IAMID, EMAL_CODE, EMAIL_ADDRESS, STATUS_IND, PREFERRED_IND, ACTIVITY_DATE ) VALUES ( 'd0bc8d05-0865-4caa-8918-34f765ecf5e1', 'UNIV', 'kvales@example.edu', 'A', 'Y', '2016-08-23 23:00:08' ); 
INSERT INTO som_01.`EMAIL`( IAMID, EMAL_CODE, EMAIL_ADDRESS, STATUS_IND, PREFERRED_IND, ACTIVITY_DATE ) VALUES ( '4bbcbb7a-42c8-4787-972a-609be9607ca3', 'UNIV', 'dgrady@example.edu', 'A', 'Y', '2018-07-19 23:00:02' ); 
INSERT INTO som_01.`EMAIL`( IAMID, EMAL_CODE, EMAIL_ADDRESS, STATUS_IND, PREFERRED_IND, ACTIVITY_DATE ) VALUES ( 'c51138a5-7af0-4f51-930a-81051387291c', 'UNIV', 'tmorrison@example.edu', 'A', 'Y', '2016-03-09 23:00:33' ); 
INSERT INTO som_01.`IDMAP`( IAMID, PIDM, CWID, UDCID, USERNAME, UNIXUID ) VALUES ( '391f2c5e-363a-4a27-9d31-eae49b7d2183', '5824fbee-caac-4380-a6da-6001d63b7b1c', '10928610', 'e6bb6c30f95815561a361ea7afd1cd461000df11', null, '4300001' ); 
INSERT INTO som_01.`IDMAP`( IAMID, PIDM, CWID, UDCID, USERNAME, UNIXUID ) VALUES ( '3eb8a911-a597-4472-9d4b-2d526a7f9a01', '7de856d7-618c-4a1d-9f0a-04f3d1217a82', '10893187', '836ef710caf4f9417557cfdf6273990e69b35781', 'amorrison', '4300002' ); 
INSERT INTO som_01.`IDMAP`( IAMID, PIDM, CWID, UDCID, USERNAME, UNIXUID ) VALUES ( '4309b2d0-12d1-4ca6-83d1-be3dd6842c5c', 'ede16c2c-4ace-4f7d-8ed1-c1ad3021dfad', '10854164', 'e964b15bf155833201e29c96fac57352f1b7437c', 'jbrown', '4300003' ); 
INSERT INTO som_01.`IDMAP`( IAMID, PIDM, CWID, UDCID, USERNAME, UNIXUID ) VALUES ( '431fa396-df5c-428f-a199-327bd25f91c9', '391a8d99-b185-4af1-8f07-632ad9939025', '10936300', '9fc11dbb8b0eebecee8f982756fed320560446fc', null, '4300004' ); 
INSERT INTO som_01.`IDMAP`( IAMID, PIDM, CWID, UDCID, USERNAME, UNIXUID ) VALUES ( '4580fe36-8a54-494a-bf60-f4811d7b6a5a', '2bdb6d14-4b4b-43e7-8676-6e938b56fff8', '10910094', '58b91e48e6026e82d29234fd641f73bb4dfe48fd', 'danderson', '4300005' ); 
INSERT INTO som_01.`IDMAP`( IAMID, PIDM, CWID, UDCID, USERNAME, UNIXUID ) VALUES ( '4845e1f4-1b11-4521-aeae-b9f19226eba1', '4932e91c-b9b7-4623-8022-0b1f19934b25', '10196197', 'dee0c683fbb35095c2a2a823ea6329dd1d987791', null, '4300006' ); 
INSERT INTO som_01.`IDMAP`( IAMID, PIDM, CWID, UDCID, USERNAME, UNIXUID ) VALUES ( '4bbcbb7a-42c8-4787-972a-609be9607ca3', '9a2fae2d-4664-4679-9dec-e2a60fc821a4', '10105190', 'a5d443b4740f766ad690a4590faa1f0f64bdc867', 'dgrady', '4300007' ); 
INSERT INTO som_01.`IDMAP`( IAMID, PIDM, CWID, UDCID, USERNAME, UNIXUID ) VALUES ( '4eed3506-22de-4f0e-843e-1d8f707eb4f2', '5a847be0-b88e-4dd3-96d6-e36c58addd42', '10078233', 'f3684f829f73e887c8417702b54ecbce316efb39', 'bgasper', '4300008' ); 
INSERT INTO som_01.`IDMAP`( IAMID, PIDM, CWID, UDCID, USERNAME, UNIXUID ) VALUES ( '4f10101a-0642-4070-a3f9-49fdecf11032', '8232853c-2579-43ed-b7b1-e09df329d8e7', '10899755', '11580a709adb8a515d8b0ca0c2fb0784be91d23d', 'jlewis', '4300009' ); 
INSERT INTO som_01.`IDMAP`( IAMID, PIDM, CWID, UDCID, USERNAME, UNIXUID ) VALUES ( '4fc03d0f-ca9e-41b7-ae22-ab1e0936cf6d', '6f01668e-d310-4069-86da-f52db3f4b4a8', '10638602', '467a51205b2087137e78a0c887870f2d293789d0', null, '4300010' ); 
INSERT INTO som_01.`IDMAP`( IAMID, PIDM, CWID, UDCID, USERNAME, UNIXUID ) VALUES ( '5a4cdeb3-8933-4af7-bd71-38f45b535392', '3cebedbf-ff4a-4fd2-a332-3ec5a04c1e09', '10366957', '8f0a12f964cef41d795d55e3e22d387fdf0b728d', 'cmorrison', '4300011' ); 
INSERT INTO som_01.`IDMAP`( IAMID, PIDM, CWID, UDCID, USERNAME, UNIXUID ) VALUES ( '5d1dd2db-7d3a-446d-9c10-fc22f3e1b129', 'cb43f4a9-b792-47fc-96d0-f9a5870095bb', '10502930', '648fb1f0ceeec094073e5f245e757c8b85dd4bb8', 'kjohnson', '4300012' ); 
INSERT INTO som_01.`IDMAP`( IAMID, PIDM, CWID, UDCID, USERNAME, UNIXUID ) VALUES ( '6b08e51b-60d6-4455-a626-e2e30aa5bc6c', '23ac1a9b-9ab8-493b-b7f3-c41b2a59f8e2', '10108022', 'ad55c669811bfe334089a31d6ffd1df6dd90d90d', 'agasper', '4300013' ); 
INSERT INTO som_01.`IDMAP`( IAMID, PIDM, CWID, UDCID, USERNAME, UNIXUID ) VALUES ( '6bb105fc-b1a0-4d9e-aa52-dc18ebce3f4b', '905d3c4f-2693-487b-8332-1a6bc3a774bb', '10896782', '0fcc2cc28946df0569fc88c39a9268a261e90d54', 'jbrown14', '4300014' ); 
INSERT INTO som_01.`IDMAP`( IAMID, PIDM, CWID, UDCID, USERNAME, UNIXUID ) VALUES ( '6cbc6a10-1dea-490d-8509-b14d1372870e', 'd8a6b520-be85-4789-b128-e6c34ddbb9f9', '10708034', 'a709b41ce0d63a78d34207cf782bcf28e78239dc', null, '4300015' ); 
INSERT INTO som_01.`IDMAP`( IAMID, PIDM, CWID, UDCID, USERNAME, UNIXUID ) VALUES ( '769c89ae-aec0-4251-a6a5-155bcbb2f264', '8edbb3e0-7b24-48ac-8218-401480bbe99d', '10810622', 'd96cfd6c4365a17734b5c5bed5930c2f321d9930', 'whenderson', '4300016' ); 
INSERT INTO som_01.`IDMAP`( IAMID, PIDM, CWID, UDCID, USERNAME, UNIXUID ) VALUES ( '86966129-5e60-464d-8abb-d7b7d6898f68', '833e29ec-f900-477f-adef-09bf9a37559e', '10013111', '867ac95d84d4f93048c08e3155b666b056b0cffb', 'jscott', '4300017' ); 
INSERT INTO som_01.`IDMAP`( IAMID, PIDM, CWID, UDCID, USERNAME, UNIXUID ) VALUES ( 'bef90326-e520-4e06-94f4-493d26896ee2', '4d92241f-11b5-4299-a073-f58332ad409d', '10324254', '77b6dc4c9c68001382155b1aa6e57f4e8fce244c', 'mgasper', '4300018' ); 
INSERT INTO som_01.`IDMAP`( IAMID, PIDM, CWID, UDCID, USERNAME, UNIXUID ) VALUES ( 'bf02fd5b-b310-458e-bf8b-47aa3d0ad41a', 'badc662d-ab13-4a49-a1d3-335a1d0a966a', '10631798', 'deaac089ca77ae44153ba9e657037860822aea52', 'wprice', '4300019' ); 
INSERT INTO som_01.`IDMAP`( IAMID, PIDM, CWID, UDCID, USERNAME, UNIXUID ) VALUES ( 'c51138a5-7af0-4f51-930a-81051387291c', 'f1a35634-9d27-4027-91ca-388d33f64132', '10254355', '016373e40d52fcf26f96d250ee881723e95ea8a4', 'tmorrison', '4300020' ); 
INSERT INTO som_01.`IDMAP`( IAMID, PIDM, CWID, UDCID, USERNAME, UNIXUID ) VALUES ( 'c7b3c120-42ab-4fb1-ab57-73ab5dd5be89', 'db7af1bb-fcca-4a95-866c-c8f3c0736165', '10559396', 'cdff2c545584e5c689bfc2eaf4f615fb03e62878', null, '4300021' ); 
INSERT INTO som_01.`IDMAP`( IAMID, PIDM, CWID, UDCID, USERNAME, UNIXUID ) VALUES ( 'd0bc8d05-0865-4caa-8918-34f765ecf5e1', 'dc29edc5-8b94-4b31-b0ae-9a2f4aeb29c1', '10995552', 'da1903d7dad05b07b552a6ee267e2d62c0a561fb', 'kvales', '4300022' ); 
INSERT INTO som_01.`IDMAP`( IAMID, PIDM, CWID, UDCID, USERNAME, UNIXUID ) VALUES ( 'd3a78b1b-a9fb-41c2-a97b-5bc153438b3c', 'defea970-d97b-40b7-8e6a-9544e34b79d4', '10332157', '825f39ffa8cf172e2f5eeb72462184cc6b45d28b', 'mroberts', '4300023' ); 
INSERT INTO som_01.`IDMAP`( IAMID, PIDM, CWID, UDCID, USERNAME, UNIXUID ) VALUES ( 'd948e9f2-1ee0-40ec-aab6-ea36919921d3', '50ba0244-d589-4e82-b971-348f47e4fcc7', '10039871', '9d9867a1ea64dcbd23b3bf2cd678130e25d88969', 'ddavis27', '4300024' ); 
INSERT INTO som_01.`IDMAP`( IAMID, PIDM, CWID, UDCID, USERNAME, UNIXUID ) VALUES ( 'dae80dc3-b062-4bb5-9f29-96130a6e0471', '18393c1b-bd23-4451-9b20-ebca790ebf51', '10237787', '53eb53302f0478462b166a2aed2f0490f403b62a', 'jsmith', '4300025' ); 
INSERT INTO som_01.`IDMAP`( IAMID, PIDM, CWID, UDCID, USERNAME, UNIXUID ) VALUES ( 'e5c7b69d-5631-4c44-a058-11a6f49144e9', 'd3de2759-a786-4777-b696-3512f68f8684', '10101814', '8d4fa9021fa040040acdf7fa31e69d186a089326', 'bbutler', '4300026' ); 
INSERT INTO som_01.`IDMAP`( IAMID, PIDM, CWID, UDCID, USERNAME, UNIXUID ) VALUES ( 'f8185f70-302f-4627-b131-84a412dcb33e', 'ab311b7d-7894-407d-8033-baad07c005ee', '10484983', '7cdeaf63fe574589b7e4c3b6d0a4c2498a12fc8e', 'ddavis', '4300027' ); 
INSERT INTO som_01.`IDMAP`( IAMID, PIDM, CWID, UDCID, USERNAME, UNIXUID ) VALUES ( 'f932090d-ad5f-402c-83fe-39bf061defe2', 'f9978ffb-d3b5-4b80-b24d-fca7871a442a', '10845813', '4fb97cf67a2fa2f6ec42fb7d9d61e064a20ef978', 'banderson', '4300028' ); 
INSERT INTO som_01.`IDMAP`( IAMID, PIDM, CWID, UDCID, USERNAME, UNIXUID ) VALUES ( 'f9c63924-1994-4d00-8233-9c7af6b1b399', 'd115901b-7a36-4f7c-8935-9c21cf7216e5', '10720292', '6b41bf55482c8e4f84fa7978a3c500dbf457a705', 'gjohnson', '4300029' ); 